time,time-dur,lat,lon,dep,strike,dip,rake,Mo(Nm),slip_all,x,y,xinc,yinc,segnum,subnum,parnum,lon1,lat1,lon2,lat2,lon3,lat3,lon4,lat4,up_middle_lon,up_middle_lat,down_middle_lon,down_middle_lat,xx,xy,xz,yy,yz,zz
12.92,8.0,32.923,131.035,1.703,228.543,70.491,155.0,1.217e+17,0.312,-30.273000000000003,11.265999999999998,4.33,3.61,1.0,1.0,1.0,131.01338757701194,32.914147805419645,131.048083717464,32.93999657379606,131.05661548590342,32.931849628830726,131.0219225246362,32.906000826711136,131.03926648403842,32.91892644474266,131.03073312499063,32.92707340695434,13383642.450793061,-254826.17333099886,1118018.9621447609,11216446.063023526,-1477697.7588578754,15334087.927832222
12.481,8.0,32.93,131.025,4.7010000000000005,229.53,67.96300000000001,0.0,0.0,0.0,-30.283,7.526,4.31,3.78,1.0,2.0,17.0,131.0025513284098,32.92225111585792,131.0376106855473,32.947474933810824,131.04745118871014,32.93774622229761,131.01239566874966,32.912522365020024,131.0299209421508,32.92513553539888,131.02007851920294,32.93486426703123,11343192.720604913,-871448.2598709889,890682.3965884327,10704115.354016194,-128185.9362311302,15617702.577985719
12.212,8.0,32.938,131.013,8.717,230.678,72.418,0.0,0.0,0.0,-30.307,3.68,4.29,3.83,1.0,3.0,33.0,130.99133809848666,32.92977763659257,131.02682712938983,32.95428975914937,131.03466482881984,32.94621971019437,130.9991790209155,32.92170755593379,131.01691947795973,32.93396490462533,131.0090801660537,32.942034969820384,8463129.662747197,-562365.2234661373,1785165.6698709216,9247359.462311555,519630.5679806516,16085836.247446913
12.137,8.0,32.945,131.003,12.0,231.623,69.292,0.0,0.0,0.0,-30.342,0.0,4.29,3.51,1.0,4.0,49.0,130.98089881780166,32.937377684176234,131.01686544172287,32.96139291105985,131.02510386069613,32.95261958269539,130.98914078874046,32.92860432204005,131.0071198945504,32.940613257688305,130.9988796985399,32.94938660337192,6886567.058259072,-463541.10106150154,2533879.4314281372,8115221.889579738,507173.8638277401,15503667.317445168
12.218,8.0,32.952,130.993,15.283,233.105,68.959,155.0,2.624e+17,0.45,-30.345,-3.4989999999999997,4.26,3.52,1.0,5.0,65.0,130.9707261531035,32.945025068302485,131.00716376613312,32.96808555370048,131.01527629158414,32.958972135683304,130.97884241752126,32.93591161659543,130.99705698982913,32.947443214797175,130.9889425938289,32.95655665012107,5788840.4059761055,-449895.3971754696,2968820.6535247164,7133781.698325556,395818.4137035845,14678069.121392779
12.454,8.0,32.959,130.982,18.566,234.78799999999998,69.10600000000001,155.0,6.768e+17,1.169,-30.339000000000002,-6.994,4.23,3.51,1.0,6.0,81.0,130.95965905061905,32.95261341024821,130.99662508572743,32.97460573416224,131.00434320678534,32.96538372957833,130.96738101109005,32.943391373148536,130.9858598204365,32.95438892799882,130.9781397786283,32.963610949321364,4956834.240036579,-456869.79025620356,3179628.304965497,6265545.397722052,269750.84360971994,13831700.25645173
12.838,8.0,32.967,130.971,21.849,234.78799999999998,69.10600000000001,155.0,1.571e+17,0.257,-30.333000000000002,-10.49,4.22,3.51,1.0,7.0,97.0,130.9487007257359,32.960639420129255,130.98558269487845,32.982579724592505,130.9933015154731,32.973357731798636,130.95642337818242,32.9514173948925,130.974860168233,32.96238893389481,130.9671394306732,32.97161094338866,4292859.061810679,-464595.6280223714,3236091.6333559994,5489561.262817571,132946.17797978624,13066274.385652065
11.324000000000002,8.0,32.897,131.0,1.703,227.425,69.556,-132.4,6.688e+17,1.6980000000000002,-25.967,11.279000000000002,4.34,3.63,1.0,8.0,113.0,130.97833790564792,32.887970308181416,131.01249820691194,32.914446195648104,131.0216651259698,32.90602717788528,130.98750805609345,32.879551254717214,131.00458405107048,32.89279039655384,130.99541551526102,32.901209432542906,13000847.020485107,39547.56134747123,843072.2869134482,9458135.86184419,312288.2472895818,13316993.938386278
10.822000000000001,8.0,32.904,130.99,4.7010000000000005,229.03,66.933,-127.46,5.351e+17,1.107,-25.986,7.5329999999999995,4.31,3.81,1.0,9.0,129.0,130.96737773603274,32.896339810474466,131.0021646429439,32.92182077003447,131.01262466075323,32.91165754187933,130.97784172727424,32.88617654083648,130.9952307041236,32.89891826382147,130.98476869834644,32.90908151318793,10201688.854500256,-506697.3238909319,1720390.6938843648,9900223.80541467,858716.5216678007,14514926.726135055
10.51,8.0,32.913000000000004,130.977,8.717,230.93,71.498,156.675,5.947e+17,1.224,-26.017,3.682,4.29,3.85,1.0,10.0,145.0,130.95508308574472,32.905084902798315,130.99068971093294,32.92946527054387,130.998919686464,32.92091241649917,130.9633164851204,32.89653201534688,130.98111564634848,32.908723495200206,130.97288395786313,32.91727636636236,7649519.517704372,-389126.3246670884,2987044.282116948,8808284.457715422,890033.9955896076,14345199.85795092
10.422,8.0,32.921,130.967,12.0,232.49599999999998,67.756,156.22899999999998,6.34e+17,1.288,-26.054000000000002,0.0,4.28,3.55,1.0,11.0,161.0,130.94447768383012,32.91405723106668,130.98077963328242,32.93755283224015,130.98952467718814,32.92793997275161,130.95322665224538,32.90444433538913,130.97137326723342,32.91619348260407,130.96262625993296,32.92580636067065,6458201.503394835,-355395.05380925594,3523764.700735771,7819925.855983537,713362.2888784513,13658845.556599863
10.522,8.0,32.929,130.95600000000002,15.283,233.636,67.288,163.836,1.162e+18,1.972,-26.070999999999998,-3.4960000000000004,4.26,3.56,1.0,12.0,177.0,130.93330518508935,32.9226012843312,130.9699854112195,32.94537616896089,130.97869696547517,32.93539586626276,130.94202085757794,32.91262094520867,130.96035656267415,32.92400976135519,130.9516429481425,32.93399008277792,5597675.681925886,-370215.1575712471,3754749.8796596024,6927457.6297982745,559359.429859933,12891833.521411601
10.8,8.0,32.937,130.945,18.566,234.643,67.485,159.595,1.233e+18,2.105,-26.079,-6.989,4.24,3.55,1.0,13.0,193.0,130.92230728202892,32.93093519435721,130.95928540994595,32.95305856514769,130.9676947678853,32.94306192300956,130.9307207997204,32.92093851677427,130.94920548290784,32.93200159703549,130.94079404395478,32.94199825741751,4911732.144326829,-393036.42146609735,3794929.585239699,6128836.905931672,420231.2881142094,12217906.553497847
11.244000000000002,8.0,32.946,130.934,21.849,234.643,67.485,0.0,0.0,0.0,-26.081999999999997,-10.482000000000001,4.23,3.55,1.0,14.0,209.0,130.91134858334468,32.93996129794541,130.94824323664557,32.96203245913703,130.95665345069358,32.952035831377394,130.91976294918126,32.92996463481964,130.9382059088635,32.94100160422107,130.92979361778848,32.950998250182906,4332314.263412194,-411631.3747854772,3732328.000027531,5399807.315059685,283983.6905114841,11643621.538308304
9.774,8.0,32.87,130.966,1.703,228.187,66.959,-144.482,2.758e+18,6.91,-21.671999999999997,11.284,4.32,3.7,1.0,15.0,225.0,130.94364162972434,32.861879769935044,130.97804678076142,32.88784994881382,130.9883609420647,32.878117641491976,130.95395954933173,32.852147422148306,130.97115773909323,32.865133727768644,130.96084169743105,32.87486605576321,9902623.258086339,36118.63960809479,1518247.0528507335,9436843.852466956,-890694.045041987,10930658.14111939
9.189,8.0,32.879,130.955,4.7010000000000005,230.168,64.218,-145.666,2.604e+18,5.2989999999999995,-21.701999999999998,7.534,4.29,3.89,1.0,16.0,241.0,130.9316084431424,32.87246756145131,130.966814672236,32.897245299853786,130.978393376782,32.885529686582444,130.94319177876898,32.86075190169888,130.96079012988122,32.8731420446842,130.94920910837618,32.884857681750695,8471637.467312893,-64850.59222711989,2995229.044243382,9324509.364329975,417634.27727071254,11342660.489521375
8.82,8.0,32.889,130.942,8.717,232.546,69.327,-163.746,1.456e+18,2.9730000000000003,-21.741,3.679,4.27,3.9,1.0,17.0,257.0,130.91941383199622,32.882219209840194,130.95564221941842,32.90563337064296,130.9645884314215,32.895777999281194,130.92836405442972,32.87236380152371,130.9464738615372,32.88407222285671,130.93752564315795,32.89392761318957,7125780.464776527,-112996.96505091619,3895351.191717362,8256456.105017625,623629.6525903171,11358082.641625881
8.714,8.0,32.898,130.931,12.0,234.516,66.893,-161.751,9.988e+17,2.029,-21.785,0.0,4.26,3.57,1.0,18.0,273.0,130.9081169272483,32.89199334058629,130.94519475097962,32.9142905899564,130.95388507220392,32.904003754280076,130.91681153409522,32.88170646817216,130.9353459814154,32.892856495055376,130.92665351619837,32.90314334964016,6271063.4930743035,-172424.9503894225,4172152.278044593,7386213.771393664,590398.2381046154,11070697.937237957
8.835,8.0,32.907,130.91899999999998,15.283,234.718,66.815,-167.36700000000002,1.287e+18,2.182,-21.811,-3.487,4.24,3.57,1.0,19.0,289.0,130.89616308785506,32.90112998416562,130.93316311229452,32.923212626847636,130.941838848192,32.91286712258438,130.90484312625773,32.890784443305435,130.92333869187314,32.90182716101478,130.91466080354843,32.912172684116825,5566887.336518974,-236299.81657311379,4224229.895872932,6604556.393277306,517843.0452892707,10661230.45996119
9.165,8.0,32.915,130.908,18.566,234.332,66.884,177.733,1.115e+18,1.8940000000000001,-21.826,-6.968999999999999,4.24,3.57,1.0,20.0,305.0,130.8852207705418,32.90898587283627,130.92204687894196,32.93127823997909,130.93078121474952,32.92101125691117,130.8939593574355,32.898718853099645,130.91236797911935,32.909866420601844,130.90363151659713,32.92013342253536,4961141.8807667075,-286772.8828406401,4153918.8350439705,5909272.42311534,422304.4860117047,10323571.000555163
9.682,8.0,32.924,130.89600000000002,21.849,234.332,66.884,0.0,0.0,0.0,-21.833000000000002,-10.452,4.25,3.57,1.0,21.0,321.0,130.8731750446694,32.91795958643251,130.91009174415314,32.94030449768581,130.91882695829514,32.93003752947135,130.8819145218205,32.907692581457724,130.90036842115808,32.918866427977946,130.89163107433393,32.92913341510642,4428233.379325721,-321899.3471761702,4029205.4546873798,5247244.160605828,323148.74814049574,9985930.120337212
8.293,8.0,32.845,130.931,1.703,233.862,65.134,-144.903,3.634e+18,9.113,-17.410999999999998,11.255,4.25,3.75,1.0,22.0,337.0,130.90770239752857,32.839440091227445,130.9443682065282,32.862039916314885,130.9542992482331,32.85055702142148,130.9176381603419,32.82795715480305,130.93596638201117,32.83925844068053,130.92603297843263,32.85074135692849,9035951.275083737,-72732.00775569405,2346268.785800677,6755610.807961999,-1078664.3890297776,7485824.947537122
7.599,8.0,32.855,130.91899999999998,4.7010000000000005,234.52599999999998,62.248999999999995,-143.711,3.484e+18,7.051,-17.449,7.513999999999999,4.24,3.96,1.0,23.0,353.0,130.89484041090606,32.85067493492277,130.9317316067025,32.87286221560899,130.9431605100691,32.85932208221196,130.9062749175065,32.837134753440516,130.92471541915017,32.848229786708174,130.91328371262935,32.86176994485086,7864098.8215807285,-143007.89256732093,3358121.565048713,7560938.863791065,-610704.1272998629,7724222.995186703
7.15,8.0,32.867,130.905,8.717,235.327,67.69800000000001,-140.722,1.828e+18,3.7239999999999998,-17.495,3.668,4.23,3.94,1.0,24.0,369.0,130.88187198886757,32.86169315569015,130.91904371867713,32.88339167399941,130.92812965888322,32.87230391387781,130.89096255454217,32.850605357052544,130.9095438443486,32.86145602502909,130.90045559016724,32.87254380499312,6852826.502165363,-55913.78467117295,4021035.867752198,7216077.580310473,64515.09981253079,8252819.643469954
7.017,8.0,32.876,130.893,12.0,235.97799999999998,67.391,-125.92200000000001,1.085e+18,2.228,-17.542,0.0,4.23,3.56,1.0,25.0,385.0,130.8701782050739,32.870442287715896,130.9076432877831,32.891782975238925,130.9158236621016,32.88155476848609,130.87836288146238,32.86021404601389,130.89709102833345,32.870885818610375,130.88890850184478,32.881114043385374,6179872.544610443,-88654.34566642987,4230449.132987879,6678589.168568017,259774.77060481723,8371139.995999066
7.162999999999999,8.0,32.885,130.882,15.283,234.91099999999997,67.97399999999999,-139.465,1.015e+18,1.7380000000000002,-17.569000000000003,-3.47,4.24,3.54,1.0,26.0,401.0,130.85938483961831,32.87890744984019,130.89646355794227,32.90088491804737,130.90461724819332,32.891089663377,130.86754260876734,32.869112160696396,130.88607764109614,32.880102295388845,130.87792191028774,32.88989756780968,5577776.377637468,-147761.23364831734,4259401.311387768,6140545.701955842,318625.21134253,8436529.42111223
7.56,8.0,32.893,130.871,18.566,233.287,67.926,-170.209,7.468e+17,1.275,-17.583,-6.935,4.25,3.54,1.0,27.0,417.0,130.84854496795614,32.886352125172486,130.88495947268214,32.9092612270734,130.89345729185922,32.89964507266948,130.85704672093115,32.876735935486394,130.8752496640283,32.88819183966645,130.86674987683804,32.89780801219808,5025717.73423872,-201017.397831703,4192226.0766479634,5593517.067038262,301150.8917141778,8439617.028972637
8.173,8.0,32.900999999999996,130.86,21.849,233.287,67.926,0.0,0.0,0.0,-17.587,-10.4,4.26,3.54,1.0,28.0,433.0,130.83750011630715,32.89432517511749,130.87400358400762,32.91728815135925,130.8825021618583,32.90767200932286,130.84600263877218,32.88470899771153,130.8642500459812,32.89619184580495,130.85574949470347,32.905808006015135,4522413.322552471,-241926.0756200431,4079020.530101935,5046865.424776677,246620.0284176002,8404456.794782637
6.91,8.0,32.825,130.893,1.703,236.356,66.085,-137.53799999999998,2.756e+18,6.978,-13.173,11.177999999999999,4.24,3.73,1.0,29.0,449.0,130.8696792849093,32.82008287555979,130.90737803188486,32.84126466808111,130.9163222225065,32.829914122892625,130.87862827001155,32.808732291907056,130.89747301008677,32.819324634982316,130.8885264209689,32.830675200018156,6704926.387621209,-135516.39392676423,1351013.855146361,5172022.147201803,-798019.4482681078,5146308.121115209
6.071000000000001,8.0,32.834,130.881,4.7010000000000005,234.77700000000002,63.126000000000005,-135.276,2.633e+18,5.374,-13.213,7.466,4.24,3.93,1.0,30.0,465.0,130.85703161256478,32.82951599832091,130.89402881017955,32.85156674468308,130.9049694436493,32.838481025740144,130.86797767241586,32.81643023320788,130.88647127277522,32.82745700562247,130.87552792463512,32.84054274833379,6813127.20506411,-254434.39135109633,2712037.8637804203,5766345.144871185,-714400.1291435448,5515221.374626191
5.501,8.0,32.846,130.86700000000002,8.717,232.90400000000002,68.376,-124.40799999999999,1.287e+18,2.6319999999999997,-13.261,3.647,4.24,3.93,1.0,31.0,481.0,130.84427257055356,32.83967681113535,130.8804005819262,32.86273653970336,130.88972944561277,32.85232040136689,130.8536056541328,32.829260634358874,130.87166521492864,32.84079183182467,130.86233424009242,32.85120798990005,6425798.977911005,-138852.49873141877,3570270.888018423,6016058.360066356,-217531.2362817155,5892421.193115346
5.3229999999999995,8.0,32.855,130.856,12.0,231.34599999999998,69.487,-117.598,6.623e+17,1.376,-13.308,0.0,4.24,3.51,1.0,32.0,497.0,130.8342109172321,32.847389044931816,130.86958601111255,32.871269338444016,130.87779170375595,32.86260831117912,130.84242004681613,32.83872798456194,130.8601035067026,32.85066940908974,130.85189609457396,32.85933045332096,5987244.335788009,-113617.3577247861,3859201.8621479915,5878541.77818265,9463.647602201989,6252590.594457031
5.506,8.0,32.863,130.845,15.283,229.77700000000002,70.44,-168.359,6.941e+17,1.2009999999999998,-13.325999999999999,-3.451,4.27,3.48,1.0,33.0,513.0,130.82356565579695,32.854577636175364,130.8584004915587,32.879441127611344,130.86643727412815,32.871419798781986,130.83160557381808,32.84655627541977,130.8490189947403,32.85898926157223,130.8409806434811,32.86701060673653,5506121.316597587,-133062.88056358494,3965714.191081738,5585936.908311491,108072.59244450911,6554471.058172688
6.004,8.0,32.87,130.835,18.566,228.2,70.265,162.14600000000002,7.69e+17,1.321,-13.331,-6.896,4.29,3.49,1.0,34.0,529.0,130.81371944932334,32.861067893978834,130.84789226179373,32.88685118588601,130.85628360308948,32.87892961892863,130.82211382904646,32.85314629432227,130.83919624417092,32.866039136528194,130.83080338269286,32.87396072018872,5025924.192447703,-166177.98569964536,3983979.9213466644,5218849.816685869,128202.82608767383,6824012.185022238
6.747000000000001,8.0,32.876,130.825,21.849,228.2,70.265,0.0,0.0,0.0,-13.327,-10.341,4.3,3.49,1.0,35.0,545.0,130.8036781966583,32.86703784633839,130.8379329735775,32.89288121432869,130.8463248762043,32.88495965502233,130.81207314569895,32.85911625425357,130.82919652678007,32.87203914031686,130.82080309997286,32.87996071636768,4567774.344523622,-198214.76937843472,3943650.5795902787,4803161.476407377,100005.00754183624,7010529.854997485
5.682,8.0,32.803000000000004,130.856,1.703,230.808,68.673,-131.037,1.204e+18,3.072,-8.889,11.08,4.29,3.66,1.0,36.0,561.0,130.8337610976701,32.795427529641884,130.86926239404664,32.81987221854963,130.87824144377572,32.81056978433906,130.84274384463126,32.78612505906439,130.86049021589352,32.79834869133949,130.85150931643065,32.807651144181264,4875407.110413799,-116357.03463503673,1494641.455940795,3903762.6883487003,-290290.06456983293,3117953.3009595866
4.638999999999999,8.0,32.811,130.845,4.7010000000000005,227.84599999999998,65.743,-127.39,1.257e+18,2.58,-8.923,7.407,4.31,3.85,1.0,37.0,577.0,130.82227493517357,32.80324417946494,130.85639467597412,32.8293264176837,130.86772735670442,32.81875323031069,130.833611655873,32.79267094798249,130.8506670154661,32.80571326455811,130.83933231344804,32.81628647445632,5743990.7123208055,-261021.20680876973,2365988.946392579,4569063.758514098,-313482.85488014144,3759915.126130728
3.867,8.0,32.821,130.833,8.717,224.368,70.509,-126.86399999999999,5.532e+17,1.12,-8.963,3.625,4.34,3.87,1.0,38.0,593.0,130.8118684124691,32.81108202952286,130.84427868224057,32.839057404296064,130.85413473869443,32.830915663274226,130.82172742515948,32.80294025206402,130.83792854300347,32.816929021869115,130.82807100740857,32.82507078143678,5932511.423912844,-216606.11398941025,3093510.060395288,5108720.901167223,-241420.45925321712,4325364.885725566
3.6,8.0,32.829,130.822,12.0,221.547,70.611,176.179,6.623e+17,1.3430000000000002,-9.001,0.0,4.37,3.48,1.0,39.0,609.0,130.80190756156898,32.817708146139886,130.8328629254087,32.847198825775216,130.84209599775946,32.840289749548695,130.81114303071922,32.810799037313984,130.82661695705858,32.825545367504084,130.81738268543393,32.83245446028403,5700724.986497417,-181554.41618363364,3392604.8866730076,5203016.939890916,-137704.47870222444,4764197.894406141
3.8569999999999998,8.0,32.835,130.812,15.283,220.127,71.288,158.916,1.651e+18,2.7889999999999997,-9.009,-3.4360000000000004,4.39,3.47,1.0,40.0,625.0,130.79234684666486,32.823100048456375,130.82256670185103,32.85336717279465,130.83165685436106,32.84689793986781,130.8014391905775,32.816630784198864,130.81654545969613,32.83176529221176,130.80745421066456,32.83823454103054,5351108.122191948,-176688.14370207716,3585066.1652431237,5108727.202538287,-92241.74911112708,5217606.860987145
4.53,8.0,32.842,130.803,18.566,219.146,71.257,156.531,1.515e+18,2.5580000000000003,-9.006,-6.867999999999999,4.39,3.47,1.0,41.0,641.0,130.7835821531021,32.829822807169194,130.8131860497557,32.860522242457364,130.8224215598387,32.85417524814691,130.7928197699258,32.82347578167757,130.80761811779232,32.83882640892601,130.7983815535392,32.84517341904052,4955680.479905157,-183817.40269964663,3695145.4510532897,4885643.45029076,-70635.84806729622,5630964.469181929
5.47,8.0,32.848,130.793,21.849,219.146,71.257,0.0,0.0,0.0,-8.997,-10.299000000000001,4.39,3.47,1.0,42.0,657.0,130.77358084698008,32.83582281864023,130.80318673580177,32.86652222444913,130.81242286706276,32.86017523623459,130.78281908560712,32.829475799241585,130.797618428489,32.84482641195365,130.78838124274498,32.85117341597375,4552939.950332063,-198037.93290780333,3727212.0781543767,4565807.096450679,-77332.61255656835,5925037.153866372
4.745,8.0,32.775999999999996,130.822,1.703,221.023,72.062,-129.619,3.031e+17,0.772,-4.501,10.975999999999999,4.39,3.58,1.0,43.0,673.0,130.80218472571178,32.7643294198982,130.83294121850142,32.794194185944285,130.84181896431713,32.78766851347943,130.81106471620618,32.757803716278765,130.82643927248623,32.77273707635233,130.817560403502,32.77926276463113,3360208.575473192,-21051.482528361044,1110888.6909853693,2772580.231967164,-503920.668118511,1274341.6960263182
3.449,8.0,32.782,130.813,4.7010000000000005,218.479,69.58,-136.64700000000002,7.441e+17,1.53,-4.518,7.343,4.42,3.74,1.0,44.0,689.0,130.79287117849344,32.770059479418165,130.82222952801374,32.80125980368288,130.83313229608012,32.793938540532665,130.80377635096724,32.76273817974849,130.8184517623349,32.77833923946181,130.80754779113693,32.78566052111406,4900318.155406962,-172610.38769550264,1948638.6744137034,3833810.7873167237,-249024.3095082554,2177802.360728568
2.3169999999999997,8.0,32.79,130.80200000000002,8.717,215.50799999999998,73.736,-163.092,5.652e+17,1.131,-4.538,3.5989999999999998,4.47,3.8,1.0,45.0,705.0,130.7835198878888,32.77638062633765,130.81123656630646,32.8091913419873,130.82048404744035,32.80361764006876,130.7927690976971,32.770806895178005,130.80662402887822,32.78721305566844,130.7973756827056,32.79278677237229,5448844.3235656265,-239878.2230913536,2651949.923995563,4556245.066617673,-240828.30542966578,3108451.9337798413
1.8230000000000002,8.0,32.796,130.793,12.0,213.114,72.214,165.489,1.406e+18,2.7880000000000003,-4.5569999999999995,0.0,4.51,3.45,1.0,46.0,721.0,130.77513814829896,32.781563846790945,130.8014430014169,32.81562588002313,130.81086582794404,32.8104345614836,130.78456250324706,32.77637249997504,130.7977116587994,32.793404244420536,130.78828806741788,32.798595577236824,5401555.886068166,-250411.41575716223,3017536.072829767,4790890.150362452,-262321.529820448,3757022.053190947
2.279,8.0,32.802,130.785,15.283,211.232,72.312,158.28799999999998,2.686e+18,4.434,-4.56,-3.417,4.52,3.45,1.0,47.0,737.0,130.7677058723238,32.78702451343436,130.79272904789136,32.821874863349485,130.80229806013605,32.81697401793167,130.77727625748378,32.782123640701904,130.7897847183813,32.79954947851203,130.7802150190872,32.80445033770577,5172340.837226017,-246114.718541843,3289292.7144832406,4807917.243277756,-280164.97542862874,4353172.065372408
3.285,8.0,32.808,130.776,18.566,209.52,72.567,156.47899999999998,2.151e+18,3.5669999999999997,-4.5569999999999995,-6.832000000000001,4.51,3.44,1.0,48.0,753.0,130.75935038133994,32.792594926182836,130.78307847948656,32.827982574760675,130.79265346613164,32.82340372877399,130.76892658459187,32.78801605428026,130.7807876749954,32.805710478526315,130.77121207951444,32.81028933757081,4852807.078838107,-239799.545660381,3456675.343677366,4653200.145026092,-287268.3123211285,4822355.131769212
4.484,8.0,32.814,130.767,21.849,209.52,72.567,0.0,0.0,0.0,-4.552,-10.245,4.49,3.44,1.0,49.0,769.0,130.75040185788214,32.79867341078732,130.77402631918443,32.83390409585164,130.78360195181367,32.82932525420211,130.7599787020826,32.794094543334396,130.77178799668982,32.81171048070248,130.76221175774708,32.816289335352714,4510567.104647491,-235543.27423052135,3550115.8369299863,4401046.3813552195,-290945.4822326874,5196803.410013911
4.3580000000000005,8.0,32.743,130.79399999999998,1.703,213.44099999999997,74.45,-154.303,3.262e+17,0.8190000000000001,0.0,10.895,4.51,3.54,1.0,50.0,785.0,130.7765183426873,32.72838957941963,130.8030371464813,32.762324552079484,130.81148576228196,32.75760884155951,130.7849683553275,32.723673843331305,130.79822454613665,32.740642066646316,130.78977523132986,32.74535779007834,2626148.9833490537,232562.61658454788,747249.5104302487,1923681.4865843896,-129818.3318461905,893460.8575205675
2.9160000000000004,8.0,32.749,130.786,4.7010000000000005,211.06900000000002,72.53699999999999,-146.808,8.533e+17,1.74,0.0,7.289,4.54,3.68,1.0,51.0,801.0,130.76845512425257,32.734036187434505,130.79345621134092,32.76910128338677,130.80354876547736,32.76396232688635,130.77854911380757,32.72889720214025,130.79104649135564,32.74643041235961,130.7809532188873,32.751569383381145,4259374.30698196,-46759.2411949554,1536907.8777193383,3344964.5727158617,-266996.1558845343,1371703.7144562965
1.429,8.0,32.755,130.77700000000002,8.717,208.315,76.303,-155.565,7.46e+17,1.4780000000000002,0.0,3.573,4.57,3.76,1.0,52.0,817.0,130.76125442385649,32.73876441082498,130.7843860834852,32.77504221987525,130.79274959485414,32.77123434015632,130.76961891954986,32.73495650903029,130.78118191300592,32.75309598451602,130.77281790903305,32.75690387535192,5045097.92611916,-247284.60847763566,2317111.7736006863,4326912.140740893,-389345.11470594304,2360847.3066189736
0.0,8.0,32.760999999999996,130.769,12.0,206.08700000000002,75.597,168.021,1.335e+18,2.6430000000000002,0.0,0.0,4.6,3.39,1.0,53.0,833.0,130.75416748707846,32.744044621545555,130.77575475136814,32.78129779409046,130.78383645298493,32.777954272522194,130.76224999546827,32.74070108007058,130.77304097717376,32.759328168827125,130.76495887179868,32.762671700409484,5129124.94857475,-311125.23422138765,2754684.5062746075,4614142.264014728,-456637.12796022865,3107728.5991425826
1.355,8.0,32.766,130.762,15.283,204.52900000000002,75.855,158.917,2.521e+18,4.155,0.0,-3.388,4.61,3.39,1.0,54.0,849.0,130.74776735804738,32.7486414514267,130.76819329268906,32.78645877177624,130.77623646634106,32.783357538925564,130.75581123988982,32.745540199830735,130.76602169431848,32.76444931412796,130.75797816623998,32.76755055640189,5004142.607178796,-323025.3283090843,3095389.9086638605,4658714.359234767,-512125.77337197796,3784824.039961174
2.7089999999999996,8.0,32.771,130.755,18.566,203.19,75.891,156.692,1.995e+18,3.293,0.0,-6.773,4.6,3.39,1.0,55.0,865.0,130.74128162937618,32.75340298455162,130.7606150648684,32.791530332371714,130.76872204172707,32.78859608900126,130.74938924057597,32.750468723298425,130.75905358066186,32.769532808075034,130.75094628633352,32.77246706042992,4768168.041654243,-311980.67215724813,3329885.196160784,4539591.822322666,-540024.4554466975,4346768.577471818
4.063,8.0,32.775999999999996,130.748,21.849,203.19,75.891,0.0,0.0,0.0,0.0,-10.158,4.59,3.39,1.0,56.0,881.0,130.73430186946132,32.758444443011996,130.75359435452614,32.796488874886535,130.7617017853363,32.7935546338424,130.74240993339018,32.755510184122585,130.75205380731495,32.77453280923514,130.7439460596475,32.77746705924479,4482323.030922681,-293788.16078981746,3472479.0317055197,4321415.987977736,-544977.5526172672,4800862.031678951
4.7,8.0,32.708,130.769,1.703,210.967,78.046,-170.27,3.592e+17,0.905,4.579,10.821,4.56,3.48,1.0,57.0,897.0,130.75319378830605,32.69204270831593,130.77821906649731,32.727300232479536,130.78481054305985,32.723955916079824,130.75978619844565,32.688698373087405,130.7722959103993,32.70632779351961,130.765703966641,32.70967211941473,2005381.1240359833,315250.84786772024,260025.7166725662,1871817.4049911804,-183487.03997419635,579217.8817944407
3.432,8.0,32.713,130.763,4.7010000000000005,208.611,76.488,-149.33700000000002,6.027e+17,1.238,4.593,7.246,4.59,3.61,1.0,58.0,913.0,130.74733111117595,32.696652953122076,130.77077544362598,32.73298786654868,130.77867300404023,32.72934578418296,130.75522962424256,32.693010849622816,130.76694893834923,32.71117889105312,130.75905090118056,32.71482098406329,3724240.533312969,3157.942019184079,1097170.6974193905,3305645.7215882945,-468172.06791033223,1123052.7306490697
2.329,8.0,32.718,130.756,8.717,205.87099999999998,79.44,-139.34799999999998,5.55e+17,1.101,4.6080000000000005,3.5580000000000003,4.62,3.71,1.0,59.0,929.0,130.74198758681382,32.700594968006264,130.7634912050763,32.738079165215076,130.77001649220426,32.735403976855046,130.74851351588805,32.69791976363093,130.75926275549654,32.716662359200136,130.75273714709775,32.71933755561606,4703929.322471044,-298719.39570666605,2072068.963799393,4290110.385875871,-697522.6256578704,2078998.8904972377
1.848,8.0,32.722,130.75,12.0,203.653,76.618,-166.791,6.611e+17,1.3030000000000002,4.62,0.0,4.64,3.37,1.0,60.0,945.0,130.73626259099194,32.704247934969175,130.75612047755368,32.7425727341966,130.76374122331146,32.73975111269391,130.74388396211114,32.70142629619461,130.75381046936627,32.7205891268492,130.7461894106313,32.72341075703145,4926707.098455627,-397609.5445637916,2638885.78910698,4583460.201749313,-805976.0956775328,2860295.7801600387
2.289,8.0,32.727,130.744,15.283,203.87400000000002,75.988,171.368,1.44e+18,2.3680000000000003,4.617,-3.383,4.62,3.38,1.0,61.0,961.0,130.73003667179378,32.70944543721652,130.74998407318475,32.747540261480744,130.7579671039375,32.74455359310882,130.7380203675988,32.706458750670656,130.74799161525314,32.72550659752735,130.74000825166084,32.728493275032804,4887559.785276919,-414819.38671793806,3035726.4916223483,4602930.266373926,-851502.7770541308,3554912.794773911
3.275,8.0,32.732,130.737,18.566,204.90099999999998,75.921,165.985,1.248e+18,2.065,4.609,-6.768,4.59,3.38,1.0,62.0,977.0,130.72271473931679,32.71478978363705,130.74333314837165,32.75233088841701,130.75128908382808,32.749209195107404,130.73067139341273,32.71166807160648,130.74097807822608,32.730439085327795,130.73302178311613,32.73356078804975,4704756.168762624,-394921.87736410525,3289260.924103072,4456439.054167134,-852101.1938619274,4118944.984644581
4.459,8.0,32.738,130.73,21.849,204.90099999999998,75.921,0.0,0.0,0.0,4.599,-10.152999999999999,4.56,3.38,1.0,63.0,993.0,130.71578113940114,32.720912489139195,130.73626616011992,32.758208191475866,130.7442226309108,32.75508650109749,130.7237383243465,32.71779078016047,130.73397834474932,32.73643908680942,130.72602151655173,32.73956078653918,4456470.203442847,-359436.25377422967,3437066.4079974187,4226364.413625348,-814673.5777580013,4569744.761058624
5.662000000000001,8.0,32.673,130.744,1.703,209.687,80.56,158.517,3.267e+17,0.826,9.176,10.777000000000001,4.59,3.45,1.0,64.0,1009.0,130.72926375738123,32.65628459785572,130.75350010569608,32.69224115397123,130.75874068165768,32.68971413261461,130.7345050156136,32.65375756199783,130.74662042181586,32.67173645817935,130.74137950441533,32.67426348684411,1957957.4108738312,292997.59221250506,145966.89084737457,2188198.67670855,-393767.03905558545,1377211.8016735234
4.678,8.0,32.676,130.739,4.7010000000000005,208.983,79.211,-166.292,3.795e+17,0.7879999999999999,9.198,7.223,4.59,3.57,1.0,65.0,1025.0,130.72402948619742,32.659356487553055,130.74774249730166,32.695562171501514,130.75397480929686,32.69264227056665,130.73026256960162,32.65643656974549,130.7421162983328,32.674540006414475,130.73588360028748,32.67745991584937,3383530.834379701,-213505.72013368012,943747.7659178365,3370561.3746734615,-683214.6598814153,1539897.4927285518
3.9530000000000003,8.0,32.681,130.734,8.717,208.14700000000002,81.49600000000001,-137.372,4.819e+17,0.9670000000000001,9.22,3.555,4.59,3.69,1.0,66.0,1041.0,130.71989372831794,32.663912782515894,130.74298081743825,32.70040719774517,130.7481106011505,32.698086056437766,130.72502410918338,32.66159162768767,130.7365650081061,32.679839399615375,130.73143492554763,32.682160547731236,4458398.544877239,-479092.0732111998,1964025.7095182806,4240711.384636559,-1003209.5122879898,2168372.975947118
3.696,8.0,32.684,130.73,12.0,207.46599999999998,74.65100000000001,-122.09,5.874e+17,1.159,9.238999999999999,0.0,4.6,3.4,1.0,67.0,1057.0,130.71443363988098,32.66746891726149,130.73705631988685,32.70427280045673,130.74557035016838,32.700529874918736,130.72294861382562,32.66372596973475,130.73425716247792,32.68212845918833,130.7257426599351,32.685871395795154,4784093.738864088,-547095.0602870865,2598089.9512244193,4504565.386906129,-1153907.4042124837,2880969.756976072
3.932,8.0,32.69,130.722,15.283,208.34900000000002,72.689,-142.628,7.905e+17,1.2919999999999998,9.225,-3.3960000000000004,4.57,3.44,1.0,68.0,1073.0,130.7056289966125,32.674057455691816,130.7287694081843,32.710324034480536,130.73837488089183,32.7059412528026,130.71523559984826,32.66967464863958,130.7268029019105,32.687808510445,130.71719686343158,32.6921913049012,4762524.687047631,-530685.0052543798,2976628.718688514,4440726.066534562,-1156170.1164688766,3442112.132315109
4.577,8.0,32.696,130.714,18.566,209.753,72.618,-157.747,6.422e+17,1.055,9.204,-6.7989999999999995,4.55,3.44,1.0,69.0,1089.0,130.69720497645378,32.680488842014185,130.72128509385936,32.71610848419148,130.7307989439233,32.71150978358449,130.7067200611965,32.675890115255235,130.71875711200994,32.693700552477196,130.70924264406247,32.69829926626346,4609448.840144634,-484363.2304644588,3222896.094126978,4252060.987897407,-1108140.2607639944,3926855.043932935
5.49,8.0,32.703,130.70600000000002,21.849,209.753,72.618,0.0,0.0,0.0,9.182,-10.203,4.53,3.44,1.0,70.0,1105.0,130.68925657240692,32.68756714929939,130.71323271479017,32.72303018198833,130.7227473100844,32.718431486464056,130.69877239737872,32.682968427735226,130.71075748333018,32.70070055502289,130.70124227265765,32.70529926366948,4387559.925447656,-427440.49475417996,3361008.9037382463,4000953.3090451453,-1024032.9213997866,4313810.688975549
6.9879999999999995,8.0,32.637,130.72,1.703,208.834,79.919,0.0,0.0,0.0,13.762,10.761,4.6,3.46,1.0,71.0,1121.0,130.7053539096957,32.62014782031778,130.7289966271612,32.65648475566379,130.73465043962108,32.65385095777632,130.71100841487595,32.61751400716532,130.72282703814915,32.635683065245665,130.71717287901757,32.63831687082276,1818460.5383068603,252728.20383255207,780430.0709291799,2440048.363598078,-284559.9687502456,1592387.0692765056
6.223,8.0,32.64,130.715,4.7010000000000005,209.343,78.46300000000001,0.0,0.0,0.0,13.782,7.216,4.58,3.58,1.0,72.0,1137.0,130.6997165983979,32.62358101603939,130.72363631421024,32.65958157893861,130.73028765382122,32.65641771362418,130.70636877998743,32.62041713255666,130.71832582195086,32.63841801851459,130.7116740609755,32.641581892983325,3311933.8197855125,-407477.1199057181,1301796.7743415805,3464953.8129022657,-620347.096847967,1565027.5168469707
5.702000000000001,8.0,32.645,130.71,8.717,209.93400000000003,80.868,0.0,0.0,0.0,13.804,3.555,4.57,3.7,1.0,73.0,1153.0,130.69513776981887,32.62846464547468,130.71944319958072,32.66417637197209,130.72486662253272,32.66153407595766,130.7005619074263,32.62582233440754,130.71271185042818,32.643678818769736,130.70728806983266,32.646321122370985,4365576.510698661,-685558.976161192,2060904.0660762014,4164981.409137582,-1121057.0722936827,2245770.75815593
5.53,8.0,32.649,130.705,12.0,210.41,73.932,0.0,0.0,0.0,13.825,0.0,4.58,3.42,1.0,74.0,1169.0,130.6882964960885,32.63335087923189,130.71300703871964,32.668968279481305,130.7217075982496,32.66464771495636,130.69699824384045,32.62903029015684,130.7093504724797,32.64683963578854,130.70064931831507,32.65116021269065,4666242.697418679,-702493.6629366374,2599728.1237434666,4311306.028444874,-1323091.4472976637,2891126.304306795
5.686,8.0,32.655,130.697,15.283,210.851,72.005,0.0,0.0,0.0,13.800999999999998,-3.406,4.56,3.45,1.0,75.0,1185.0,130.6796624978497,32.63981321607526,130.7045887855904,32.67511379667383,130.71434144839898,32.67018532025974,130.68941652821084,32.63488471190324,130.7018765398109,32.65253565957749,130.69212319262866,32.65746414998899,4660721.198567223,-643868.504161389,2948307.376967741,4199801.382440483,-1337552.6194776224,3390529.4497629907
6.147,8.0,32.661,130.689,18.566,211.282,71.982,0.0,0.0,0.0,13.77,-6.821000000000001,4.55,3.45,1.0,76.0,1201.0,130.6715484619601,32.6459656037634,130.69673429032716,32.68102947328876,130.70645548352476,32.67603290848236,130.68127105636273,32.64096901100158,130.69386081198178,32.658501615917395,130.68413891757365,32.663498194824015,4530350.192286747,-567066.0313773607,3180011.0460879467,3993470.5185417365,-1277600.8051457903,3814634.192156554
6.854,8.0,32.668,130.68,21.849,211.282,71.982,0.0,0.0,0.0,13.741,-10.237,4.54,3.45,1.0,77.0,1217.0,130.66257477010762,32.653004154923096,130.68770720429717,32.68799092191885,130.6974291566899,32.682994362663976,130.67229812111032,32.648007567771145,130.68486119088243,32.66550161868277,130.67513853857923,32.67049819200817,4323948.873143395,-488948.68523283483,3296728.0055046882,3732355.3050812366,-1168401.912094034,4128331.013429231
